"maildevs.sih+1@gmail.com","Thari","Subscribed","OIAci"
"maildevs.sih+2@gmail.com","Thari","Subscribed","OIAci"
"maildevs.sih+3@gmail.com","Thari","Subscribed","OIAci"
"maildevs.sih+4@gmail.com","Thari","Subscribed","OIAci"
"maildevs.sih+5@gmail.com","Thari","Subscribed","OIAci"
"maildevs.sih+6@gmail.com","Thari","Subscribed","OIAci"
"maildevs.sih+7@gmail.com","Thari","Subscribed","OIAci"
"maildevs.sih+8@gmail.com","Thari","Subscribed","OIAci"
"maildevs.sih+9@gmail.com","Thari","Subscribed","OIAci"
"maildevs.sih+10@gmail.com","Thari","Subscribed","OIAci"
"maildevs.sih+11@gmail.com","Thari","Subscribed","OIAci"
"maildevs.sih+12@gmail.com","Thari","Subscribed","OIAci"
"maildevs.sih+13@gmail.com","Thari","Subscribed","OIAci"
"maildevs.sih+14@gmail.com","Thari","Subscribed","OIAci"
"maildevs.sih+15@gmail.com","Thari","Subscribed","OIAci"
"maildevs.sih+16@gmail.com","Thari","Subscribed","OIAci"
"maildevs.sih+17@gmail.com","Thari","Subscribed","OIAci"
"maildevs.sih+18@gmail.com","Thari","Subscribed","OIAci"
"maildevs.sih+19@gmail.com","Thari","Subscribed","OIAci"
"maildevs.sih+20@gmail.com","Thari","Subscribed","OIAci"
"maildevs.sih+21@gmail.com","Thari","Subscribed","OIAci"
"maildevs.sih+22@gmail.com","Thari","Subscribed","OIAci"
"maildevs.sih+23@gmail.com","Thari","Subscribed","OIAci"
"maildevs.sih+24@gmail.com","Thari","Subscribed","OIAci"
"maildevs.sih+25@gmail.com","Thari","Subscribed","OIAci"
"maildevs.sih+26@gmail.com","Thari","Subscribed","OIAci"
"maildevs.sih+27@gmail.com","Thari","Subscribed","OIAci"
"maildevs.sih+28@gmail.com","Thari","Subscribed","OIAci"
"maildevs.sih+29@gmail.com","Thari","Subscribed","OIAci"
"maildevs.sih+30@gmail.com","Thari","Subscribed","OIAci"
"maildevs.sih+31@gmail.com","Thari","Subscribed","OIAci"
"maildevs.sih+32@gmail.com","Thari","Subscribed","OIAci"
"maildevs.sih+33@gmail.com","Thari","Subscribed","OIAci"
"maildevs.sih+34@gmail.com","Thari","Subscribed","OIAci"
"maildevs.sih+35@gmail.com","Thari","Subscribed","OIAci"
"maildevs.sih+36@gmail.com","Thari","Subscribed","OIAci"
"maildevs.sih+37@gmail.com","Thari","Subscribed","OIAci"
"maildevs.sih+38@gmail.com","Thari","Subscribed","OIAci"
"maildevs.sih+39@gmail.com","Thari","Subscribed","OIAci"
"maildevs.sih+40@gmail.com","Thari","Subscribed","OIAci"
"maildevs.sih+41@gmail.com","Thari","Subscribed","OIAci"
"maildevs.sih+42@gmail.com","Thari","Subscribed","OIAci"
"maildevs.sih+43@gmail.com","Thari","Subscribed","OIAci"
"maildevs.sih+44@gmail.com","Thari","Subscribed","OIAci"
"maildevs.sih+45@gmail.com","Thari","Subscribed","OIAci"
"maildevs.sih+46@gmail.com","Thari","Subscribed","OIAci"
"maildevs.sih+47@gmail.com","Thari","Subscribed","OIAci"
"maildevs.sih+48@gmail.com","Thari","Subscribed","OIAci"
"maildevs.sih+49@gmail.com","Thari","Subscribed","OIAci"